<?xml version="1.0" encoding="UTF-8" standalone="no"?>
<database name="Geco" schema="geco_auth" type="MySQL - 8.0.13">
   <tables>
      <table catalog="geco_auth" name="authority" numRows="12" remarks="Lista delle autorizzazione associabili a un ruolo" type="TABLE">
         <column autoUpdated="false" digits="0" id="0" name="code" nullable="false" remarks="" size="50" type="VARCHAR">
            <child catalog="geco_auth" column="authority_code" foreignKey="fk_roles_authorities_authority_code" implied="false" onDeleteCascade="false" table="roles_authorities"/>
         </column>
         <column autoUpdated="false" digits="0" id="1" name="description" nullable="false" remarks="" size="255" type="VARCHAR"/>
         <column autoUpdated="false" digits="0" id="2" name="tags" nullable="true" remarks="" size="255" type="VARCHAR"/>
         <primaryKey column="code" sequenceNumberInPK="1"/>
         <index name="PRIMARY" unique="true">
            <column ascending="true" name="code"/>
         </index>
      </table>
      <table catalog="geco_auth" name="executive_department" numRows="0" remarks="" type="TABLE">
         <column autoUpdated="true" digits="0" id="0" name="id" nullable="false" remarks="" size="19" type="BIGINT"/>
         <column autoUpdated="false" digits="0" id="1" name="department_code" nullable="false" remarks="" size="255" type="VARCHAR"/>
         <column autoUpdated="false" digits="0" id="2" name="executive_detail_id" nullable="true" remarks="" size="19" type="BIGINT">
            <parent catalog="geco_auth" column="id" foreignKey="fk_executive_department_executive_detail_id" implied="false" onDeleteCascade="false" table="executive_user_detail"/>
         </column>
         <column autoUpdated="false" digits="0" id="3" name="created_by" nullable="false" remarks="" size="50" type="VARCHAR"/>
         <column autoUpdated="false" defaultValue="CURRENT_TIMESTAMP" digits="0" id="4" name="created_date" nullable="false" remarks="" size="19" type="TIMESTAMP"/>
         <column autoUpdated="false" digits="0" id="5" name="last_modified_by" nullable="true" remarks="" size="50" type="VARCHAR"/>
         <column autoUpdated="false" digits="0" id="6" name="last_modified_date" nullable="true" remarks="" size="19" type="TIMESTAMP"/>
         <primaryKey column="id" sequenceNumberInPK="1"/>
         <index name="PRIMARY" unique="true">
            <column ascending="true" name="id"/>
         </index>
         <index name="fk_executive_department_executive_detail_id" unique="false">
            <column ascending="true" name="executive_detail_id"/>
         </index>
      </table>
      <table catalog="geco_auth" name="executive_user_detail" numRows="0" remarks="" type="TABLE">
         <column autoUpdated="false" digits="0" id="0" name="id" nullable="false" remarks="" size="19" type="BIGINT">
            <child catalog="geco_auth" column="executive_detail_id" foreignKey="fk_executive_department_executive_detail_id" implied="false" onDeleteCascade="false" table="executive_department"/>
            <parent catalog="geco_auth" column="id" foreignKey="fk_executive_user_user_id" implied="false" onDeleteCascade="false" table="user"/>
         </column>
         <column autoUpdated="false" digits="0" id="1" name="company_code" nullable="false" remarks="" size="255" type="VARCHAR"/>
         <column autoUpdated="false" digits="0" id="2" name="division_id" nullable="false" remarks="" size="19" type="BIGINT"/>
         <column autoUpdated="false" digits="0" id="3" name="created_by" nullable="false" remarks="" size="50" type="VARCHAR"/>
         <column autoUpdated="false" defaultValue="CURRENT_TIMESTAMP" digits="0" id="4" name="created_date" nullable="false" remarks="" size="19" type="TIMESTAMP"/>
         <column autoUpdated="false" digits="0" id="5" name="last_modified_by" nullable="true" remarks="" size="50" type="VARCHAR"/>
         <column autoUpdated="false" digits="0" id="6" name="last_modified_date" nullable="true" remarks="" size="19" type="TIMESTAMP"/>
         <primaryKey column="id" sequenceNumberInPK="1"/>
         <index name="PRIMARY" unique="true">
            <column ascending="true" name="id"/>
         </index>
      </table>
      <table catalog="geco_auth" name="jhi_entity_audit_event" numRows="1" remarks="Tabella in ascolto delle modifiche sulle entità contro il database, per ogni entità è riportato il contenuto dell'entità stessa e l'operazione insert|update|delete eseguita" type="TABLE">
         <column autoUpdated="true" digits="0" id="0" name="id" nullable="false" remarks="" size="19" type="BIGINT"/>
         <column autoUpdated="false" digits="0" id="1" name="entity_id" nullable="false" remarks="" size="19" type="BIGINT"/>
         <column autoUpdated="false" digits="0" id="2" name="entity_type" nullable="false" remarks="" size="255" type="VARCHAR"/>
         <column autoUpdated="false" digits="0" id="3" name="action" nullable="false" remarks="" size="20" type="VARCHAR"/>
         <column autoUpdated="false" digits="0" id="4" name="entity_value" nullable="true" remarks="" size="2147483647" type="LONGTEXT"/>
         <column autoUpdated="false" digits="0" id="5" name="commit_version" nullable="true" remarks="" size="10" type="INT"/>
         <column autoUpdated="false" digits="0" id="6" name="modified_by" nullable="true" remarks="" size="100" type="VARCHAR"/>
         <column autoUpdated="false" digits="0" id="7" name="modified_date" nullable="false" remarks="" size="19" type="TIMESTAMP"/>
         <primaryKey column="id" sequenceNumberInPK="1"/>
         <index name="PRIMARY" unique="true">
            <column ascending="true" name="id"/>
         </index>
         <index name="idx_entity_audit_event_entity_id" unique="false">
            <column ascending="true" name="entity_id"/>
         </index>
         <index name="idx_entity_audit_event_entity_type" unique="false">
            <column ascending="true" name="entity_type"/>
         </index>
      </table>
      <table catalog="geco_auth" name="jhi_persistent_audit_event" numRows="20" remarks="Tabella per registrare le operazione utente e i relativi eventi" type="TABLE">
         <column autoUpdated="true" digits="0" id="0" name="event_id" nullable="false" remarks="" size="19" type="BIGINT">
            <child catalog="geco_auth" column="event_id" foreignKey="fk_evt_pers_audit_evt_data" implied="false" onDeleteCascade="false" table="jhi_persistent_audit_evt_data"/>
         </column>
         <column autoUpdated="false" digits="0" id="1" name="principal" nullable="false" remarks="" size="50" type="VARCHAR"/>
         <column autoUpdated="false" digits="0" id="2" name="event_date" nullable="true" remarks="" size="19" type="TIMESTAMP"/>
         <column autoUpdated="false" digits="0" id="3" name="event_type" nullable="true" remarks="" size="255" type="VARCHAR"/>
         <primaryKey column="event_id" sequenceNumberInPK="1"/>
         <index name="PRIMARY" unique="true">
            <column ascending="true" name="event_id"/>
         </index>
         <index name="idx_persistent_audit_event" unique="false">
            <column ascending="true" name="principal"/>
            <column ascending="true" name="event_date"/>
         </index>
      </table>
      <table catalog="geco_auth" name="jhi_persistent_audit_evt_data" numRows="10" remarks="Tabella con i dettagli degli eventi, relazionata alla jhi_persistent_audit_event tramite event_id" type="TABLE">
         <column autoUpdated="false" digits="0" id="0" name="event_id" nullable="false" remarks="" size="19" type="BIGINT">
            <parent catalog="geco_auth" column="event_id" foreignKey="fk_evt_pers_audit_evt_data" implied="false" onDeleteCascade="false" table="jhi_persistent_audit_event"/>
         </column>
         <column autoUpdated="false" digits="0" id="1" name="name" nullable="false" remarks="" size="150" type="VARCHAR"/>
         <column autoUpdated="false" digits="0" id="2" name="value" nullable="true" remarks="" size="255" type="VARCHAR"/>
         <primaryKey column="event_id" sequenceNumberInPK="1"/>
         <primaryKey column="name" sequenceNumberInPK="2"/>
         <index name="PRIMARY" unique="true">
            <column ascending="true" name="event_id"/>
            <column ascending="true" name="name"/>
         </index>
         <index name="idx_persistent_audit_evt_data" unique="false">
            <column ascending="true" name="event_id"/>
         </index>
      </table>
      <table catalog="geco_auth" name="marketing_user_detail" numRows="0" remarks="" type="TABLE">
         <column autoUpdated="true" digits="0" id="0" name="id" nullable="false" remarks="" size="19" type="BIGINT"/>
         <column autoUpdated="false" digits="0" id="1" name="company_code" nullable="false" remarks="" size="100" type="VARCHAR"/>
         <column autoUpdated="false" digits="0" id="2" name="buyer_type_code" nullable="false" remarks="" size="100" type="VARCHAR"/>
         <column autoUpdated="false" digits="0" id="3" name="group_code" nullable="false" remarks="" size="100" type="VARCHAR"/>
         <column autoUpdated="false" digits="0" id="4" name="sub_department_code" nullable="false" remarks="" size="100" type="VARCHAR"/>
         <column autoUpdated="false" digits="0" id="5" name="user_id" nullable="true" remarks="" size="19" type="BIGINT">
            <parent catalog="geco_auth" column="id" foreignKey="fk_marketing_user_user_id" implied="false" onDeleteCascade="false" table="user"/>
         </column>
         <column autoUpdated="false" digits="0" id="6" name="created_by" nullable="false" remarks="" size="50" type="VARCHAR"/>
         <column autoUpdated="false" defaultValue="CURRENT_TIMESTAMP" digits="0" id="7" name="created_date" nullable="false" remarks="" size="19" type="TIMESTAMP"/>
         <column autoUpdated="false" digits="0" id="8" name="last_modified_by" nullable="true" remarks="" size="50" type="VARCHAR"/>
         <column autoUpdated="false" digits="0" id="9" name="last_modified_date" nullable="true" remarks="" size="19" type="TIMESTAMP"/>
         <primaryKey column="id" sequenceNumberInPK="1"/>
         <index name="PRIMARY" unique="true">
            <column ascending="true" name="id"/>
         </index>
         <index name="const_marketing_user_detail" unique="true">
            <column ascending="true" name="company_code"/>
            <column ascending="true" name="buyer_type_code"/>
            <column ascending="true" name="group_code"/>
            <column ascending="true" name="sub_department_code"/>
            <column ascending="true" name="user_id"/>
         </index>
         <index name="fk_marketing_user_user_id" unique="false">
            <column ascending="true" name="user_id"/>
         </index>
      </table>
      <table catalog="geco_auth" name="role" numRows="7" remarks="Lista dei ruoli" type="TABLE">
         <column autoUpdated="true" digits="0" id="0" name="id" nullable="false" remarks="" size="19" type="BIGINT">
            <child catalog="geco_auth" column="role_id" foreignKey="fk_roles_authorities_role_id" implied="false" onDeleteCascade="false" table="roles_authorities"/>
            <child catalog="geco_auth" column="role_id" foreignKey="fk_users_roles_role_id" implied="false" onDeleteCascade="false" table="users_roles"/>
         </column>
         <column autoUpdated="false" digits="0" id="1" name="description" nullable="false" remarks="" size="255" type="VARCHAR"/>
         <column autoUpdated="false" digits="0" id="2" name="created_by" nullable="false" remarks="" size="50" type="VARCHAR"/>
         <column autoUpdated="false" defaultValue="CURRENT_TIMESTAMP" digits="0" id="3" name="created_date" nullable="false" remarks="" size="19" type="TIMESTAMP"/>
         <column autoUpdated="false" digits="0" id="4" name="last_modified_by" nullable="true" remarks="" size="50" type="VARCHAR"/>
         <column autoUpdated="false" digits="0" id="5" name="last_modified_date" nullable="true" remarks="" size="19" type="TIMESTAMP"/>
         <primaryKey column="id" sequenceNumberInPK="1"/>
         <index name="PRIMARY" unique="true">
            <column ascending="true" name="id"/>
         </index>
         <index name="ux_role_description" unique="true">
            <column ascending="true" name="description"/>
         </index>
      </table>
      <table catalog="geco_auth" name="roles_authorities" numRows="14" remarks="Associazione tra ruolo e autorizzazioni" type="TABLE">
         <column autoUpdated="false" digits="0" id="0" name="role_id" nullable="false" remarks="" size="19" type="BIGINT">
            <parent catalog="geco_auth" column="id" foreignKey="fk_roles_authorities_role_id" implied="false" onDeleteCascade="false" table="role"/>
         </column>
         <column autoUpdated="false" digits="0" id="1" name="authority_code" nullable="false" remarks="" size="50" type="VARCHAR">
            <parent catalog="geco_auth" column="code" foreignKey="fk_roles_authorities_authority_code" implied="false" onDeleteCascade="false" table="authority"/>
         </column>
         <primaryKey column="authority_code" sequenceNumberInPK="1"/>
         <primaryKey column="role_id" sequenceNumberInPK="2"/>
         <index name="PRIMARY" unique="true">
            <column ascending="true" name="role_id"/>
            <column ascending="true" name="authority_code"/>
         </index>
         <index name="fk_roles_authorities_authority_code" unique="false">
            <column ascending="true" name="authority_code"/>
         </index>
      </table>
      <table catalog="geco_auth" name="user" numRows="6" remarks="Lista degli utenti" type="TABLE">
         <column autoUpdated="true" digits="0" id="0" name="id" nullable="false" remarks="" size="19" type="BIGINT">
            <child catalog="geco_auth" column="id" foreignKey="fk_executive_user_user_id" implied="false" onDeleteCascade="false" table="executive_user_detail"/>
            <child catalog="geco_auth" column="user_id" foreignKey="fk_marketing_user_user_id" implied="false" onDeleteCascade="false" table="marketing_user_detail"/>
            <child catalog="geco_auth" column="user_id" foreignKey="fk_users_roles_user_id" implied="false" onDeleteCascade="false" table="users_roles"/>
         </column>
         <column autoUpdated="false" digits="0" id="1" name="login" nullable="false" remarks="" size="50" type="VARCHAR"/>
         <column autoUpdated="false" digits="0" id="2" name="password_hash" nullable="false" remarks="" size="60" type="VARCHAR"/>
         <column autoUpdated="false" digits="0" id="3" name="first_name" nullable="false" remarks="" size="50" type="VARCHAR"/>
         <column autoUpdated="false" digits="0" id="4" name="last_name" nullable="false" remarks="" size="50" type="VARCHAR"/>
         <column autoUpdated="false" digits="0" id="5" name="email" nullable="false" remarks="" size="254" type="VARCHAR"/>
         <column autoUpdated="false" digits="0" id="6" name="pec" nullable="true" remarks="" size="254" type="VARCHAR"/>
         <column autoUpdated="false" digits="0" id="7" name="image_url" nullable="true" remarks="" size="256" type="VARCHAR"/>
         <column autoUpdated="false" digits="0" id="8" name="activated" nullable="false" remarks="" size="1" type="BIT"/>
         <column autoUpdated="false" digits="0" id="9" name="lang_key" nullable="true" remarks="" size="6" type="VARCHAR"/>
         <column autoUpdated="false" digits="0" id="10" name="activation_key" nullable="true" remarks="" size="20" type="VARCHAR"/>
         <column autoUpdated="false" digits="0" id="11" name="reset_key" nullable="true" remarks="" size="20" type="VARCHAR"/>
         <column autoUpdated="false" digits="0" id="12" name="created_by" nullable="false" remarks="" size="50" type="VARCHAR"/>
         <column autoUpdated="false" digits="0" id="13" name="created_date" nullable="true" remarks="" size="19" type="TIMESTAMP"/>
         <column autoUpdated="false" digits="0" id="14" name="reset_date" nullable="true" remarks="" size="19" type="TIMESTAMP"/>
         <column autoUpdated="false" digits="0" id="15" name="last_modified_by" nullable="true" remarks="" size="50" type="VARCHAR"/>
         <column autoUpdated="false" digits="0" id="16" name="last_modified_date" nullable="true" remarks="" size="19" type="TIMESTAMP"/>
         <primaryKey column="id" sequenceNumberInPK="1"/>
         <index name="PRIMARY" unique="true">
            <column ascending="true" name="id"/>
         </index>
         <index name="ux_user_email" unique="true">
            <column ascending="true" name="email"/>
         </index>
         <index name="ux_user_login" unique="true">
            <column ascending="true" name="login"/>
         </index>
      </table>
      <table catalog="geco_auth" name="users_roles" numRows="6" remarks="Associazione tra ruolo e utenti" type="TABLE">
         <column autoUpdated="false" digits="0" id="0" name="user_id" nullable="false" remarks="" size="19" type="BIGINT">
            <parent catalog="geco_auth" column="id" foreignKey="fk_users_roles_user_id" implied="false" onDeleteCascade="false" table="user"/>
         </column>
         <column autoUpdated="false" digits="0" id="1" name="role_id" nullable="false" remarks="" size="19" type="BIGINT">
            <parent catalog="geco_auth" column="id" foreignKey="fk_users_roles_role_id" implied="false" onDeleteCascade="false" table="role"/>
         </column>
         <primaryKey column="role_id" sequenceNumberInPK="1"/>
         <primaryKey column="user_id" sequenceNumberInPK="2"/>
         <index name="PRIMARY" unique="true">
            <column ascending="true" name="user_id"/>
            <column ascending="true" name="role_id"/>
         </index>
         <index name="fk_users_roles_role_id" unique="false">
            <column ascending="true" name="role_id"/>
         </index>
      </table>
   </tables>
</database>
