<?xml version="1.0" encoding="UTF-8" standalone="no"?>
<database name="Geco" schema="geco_be" type="MySQL - 8.0.13">
   <tables>
      <table catalog="geco_be" name="company" numRows="0" remarks="Lista delle società (accordi quadro e accordi marketing)" type="TABLE">
         <column autoUpdated="true" digits="0" id="0" name="id" nullable="false" remarks="" size="19" type="BIGINT"/>
         <column autoUpdated="false" digits="0" id="1" name="code" nullable="false" remarks="" size="255" type="VARCHAR"/>
         <column autoUpdated="false" digits="0" id="2" name="description" nullable="false" remarks="" size="255" type="VARCHAR"/>
         <column autoUpdated="false" digits="0" id="3" name="flg_invoice" nullable="true" remarks="" size="1" type="BIT"/>
         <column autoUpdated="false" digits="0" id="4" name="flg_amount_loaded" nullable="true" remarks="" size="1" type="BIT"/>
         <column autoUpdated="false" digits="0" id="5" name="note" nullable="true" remarks="" size="1000" type="VARCHAR"/>
         <column autoUpdated="false" digits="0" id="6" name="created_by" nullable="false" remarks="" size="50" type="VARCHAR"/>
         <column autoUpdated="false" defaultValue="CURRENT_TIMESTAMP" digits="0" id="7" name="created_date" nullable="false" remarks="" size="19" type="TIMESTAMP"/>
         <column autoUpdated="false" digits="0" id="8" name="last_modified_by" nullable="true" remarks="" size="50" type="VARCHAR"/>
         <column autoUpdated="false" digits="0" id="9" name="last_modified_date" nullable="true" remarks="" size="19" type="TIMESTAMP"/>
         <primaryKey column="id" sequenceNumberInPK="1"/>
         <index name="PRIMARY" unique="true">
            <column ascending="true" name="id"/>
         </index>
      </table>
      <table catalog="geco_be" name="division" numRows="0" remarks="Lista delle divisioni (accordi quadro)" type="TABLE">
         <column autoUpdated="true" digits="0" id="0" name="id" nullable="false" remarks="" size="19" type="BIGINT"/>
         <column autoUpdated="false" digits="0" id="1" name="code" nullable="false" remarks="" size="255" type="VARCHAR"/>
         <column autoUpdated="false" digits="0" id="2" name="description" nullable="false" remarks="" size="255" type="VARCHAR"/>
         <column autoUpdated="false" digits="0" id="3" name="note" nullable="true" remarks="" size="1000" type="VARCHAR"/>
         <column autoUpdated="false" digits="0" id="4" name="created_by" nullable="false" remarks="" size="50" type="VARCHAR"/>
         <column autoUpdated="false" defaultValue="CURRENT_TIMESTAMP" digits="0" id="5" name="created_date" nullable="false" remarks="" size="19" type="TIMESTAMP"/>
         <column autoUpdated="false" digits="0" id="6" name="last_modified_by" nullable="true" remarks="" size="50" type="VARCHAR"/>
         <column autoUpdated="false" digits="0" id="7" name="last_modified_date" nullable="true" remarks="" size="19" type="TIMESTAMP"/>
         <primaryKey column="id" sequenceNumberInPK="1"/>
         <index name="PRIMARY" unique="true">
            <column ascending="true" name="id"/>
         </index>
      </table>
      <table catalog="geco_be" name="executive_department" numRows="0" remarks="Associa l'utente tramite la tabella executive_user_detail ai reparti (accordi quadro)" type="TABLE">
         <column autoUpdated="false" digits="0" id="0" name="executive_user_detail_id" nullable="false" remarks="" size="19" type="BIGINT">
            <parent catalog="geco_be" column="id" foreignKey="fk_executive_department_executive_detail_id" implied="false" onDeleteCascade="false" table="executive_user_detail"/>
         </column>
         <column autoUpdated="false" digits="0" id="1" name="department" nullable="false" remarks="" size="20" type="VARCHAR"/>
         <index name="fk_executive_department_executive_detail_id" unique="false">
            <column ascending="true" name="executive_user_detail_id"/>
         </index>
      </table>
      <table catalog="geco_be" name="executive_user_detail" numRows="0" remarks="Associa l'utente alle società e alle divisioni (accordi quadro)" type="TABLE">
         <column autoUpdated="true" digits="0" id="0" name="id" nullable="false" remarks="" size="19" type="BIGINT">
            <child catalog="geco_be" column="executive_user_detail_id" foreignKey="fk_executive_department_executive_detail_id" implied="false" onDeleteCascade="false" table="executive_department"/>
         </column>
         <column autoUpdated="false" digits="0" id="1" name="company_code" nullable="false" remarks="" size="20" type="VARCHAR"/>
         <column autoUpdated="false" digits="0" id="2" name="division_id" nullable="false" remarks="" size="19" type="BIGINT"/>
         <column autoUpdated="false" digits="0" id="3" name="user_id" nullable="false" remarks="" size="19" type="BIGINT"/>
         <column autoUpdated="false" digits="0" id="4" name="created_by" nullable="false" remarks="" size="50" type="VARCHAR"/>
         <column autoUpdated="false" defaultValue="CURRENT_TIMESTAMP" digits="0" id="5" name="created_date" nullable="false" remarks="" size="19" type="TIMESTAMP"/>
         <column autoUpdated="false" digits="0" id="6" name="last_modified_by" nullable="true" remarks="" size="50" type="VARCHAR"/>
         <column autoUpdated="false" digits="0" id="7" name="last_modified_date" nullable="true" remarks="" size="19" type="TIMESTAMP"/>
         <primaryKey column="id" sequenceNumberInPK="1"/>
         <index name="PRIMARY" unique="true">
            <column ascending="true" name="id"/>
         </index>
         <index name="const_executive_user_detail" unique="true">
            <column ascending="true" name="user_id"/>
         </index>
      </table>
      <table catalog="geco_be" name="jhi_entity_audit_event" numRows="1" remarks="Tabella in ascolto delle modifiche sulle entità contro il database, per ogni entità è riportato il contenuto dell'entità stessa e l'operazione insert|update|delete eseguita" type="TABLE">
         <column autoUpdated="true" digits="0" id="0" name="id" nullable="false" remarks="" size="19" type="BIGINT"/>
         <column autoUpdated="false" digits="0" id="1" name="entity_id" nullable="false" remarks="" size="19" type="BIGINT"/>
         <column autoUpdated="false" digits="0" id="2" name="entity_type" nullable="false" remarks="" size="255" type="VARCHAR"/>
         <column autoUpdated="false" digits="0" id="3" name="action" nullable="false" remarks="" size="20" type="VARCHAR"/>
         <column autoUpdated="false" digits="0" id="4" name="entity_value" nullable="true" remarks="" size="2147483647" type="LONGTEXT"/>
         <column autoUpdated="false" digits="0" id="5" name="commit_version" nullable="true" remarks="" size="10" type="INT"/>
         <column autoUpdated="false" digits="0" id="6" name="modified_by" nullable="true" remarks="" size="100" type="VARCHAR"/>
         <column autoUpdated="false" digits="0" id="7" name="modified_date" nullable="false" remarks="" size="19" type="TIMESTAMP"/>
         <primaryKey column="id" sequenceNumberInPK="1"/>
         <index name="PRIMARY" unique="true">
            <column ascending="true" name="id"/>
         </index>
         <index name="idx_entity_audit_event_entity_id" unique="false">
            <column ascending="true" name="entity_id"/>
         </index>
         <index name="idx_entity_audit_event_entity_type" unique="false">
            <column ascending="true" name="entity_type"/>
         </index>
      </table>
      <table catalog="geco_be" name="jhi_persistent_audit_event" numRows="20" remarks="Tabella per registrare le operazione utente e i relativi eventi" type="TABLE">
         <column autoUpdated="true" digits="0" id="0" name="event_id" nullable="false" remarks="" size="19" type="BIGINT">
            <child catalog="geco_be" column="event_id" foreignKey="fk_evt_pers_audit_evt_data" implied="false" onDeleteCascade="false" table="jhi_persistent_audit_evt_data"/>
         </column>
         <column autoUpdated="false" digits="0" id="1" name="principal" nullable="false" remarks="" size="50" type="VARCHAR"/>
         <column autoUpdated="false" digits="0" id="2" name="event_date" nullable="true" remarks="" size="19" type="TIMESTAMP"/>
         <column autoUpdated="false" digits="0" id="3" name="event_type" nullable="true" remarks="" size="255" type="VARCHAR"/>
         <primaryKey column="event_id" sequenceNumberInPK="1"/>
         <index name="PRIMARY" unique="true">
            <column ascending="true" name="event_id"/>
         </index>
         <index name="idx_persistent_audit_event" unique="false">
            <column ascending="true" name="principal"/>
            <column ascending="true" name="event_date"/>
         </index>
      </table>
      <table catalog="geco_be" name="jhi_persistent_audit_evt_data" numRows="10" remarks="Tabella con i dettagli degli eventi, relazionata alla jhi_persistent_audit_event tramite event_id" type="TABLE">
         <column autoUpdated="false" digits="0" id="0" name="event_id" nullable="false" remarks="" size="19" type="BIGINT">
            <parent catalog="geco_be" column="event_id" foreignKey="fk_evt_pers_audit_evt_data" implied="false" onDeleteCascade="false" table="jhi_persistent_audit_event"/>
         </column>
         <column autoUpdated="false" digits="0" id="1" name="name" nullable="false" remarks="" size="150" type="VARCHAR"/>
         <column autoUpdated="false" digits="0" id="2" name="value" nullable="true" remarks="" size="255" type="VARCHAR"/>
         <primaryKey column="event_id" sequenceNumberInPK="1"/>
         <primaryKey column="name" sequenceNumberInPK="2"/>
         <index name="PRIMARY" unique="true">
            <column ascending="true" name="event_id"/>
            <column ascending="true" name="name"/>
         </index>
         <index name="idx_persistent_audit_evt_data" unique="false">
            <column ascending="true" name="event_id"/>
         </index>
      </table>
      <table catalog="geco_be" name="marketing_user_detail" numRows="0" remarks="Associa l'utente alla società, al tipo compratore, al gruppo e al sottoreparto (accordi marketing)" type="TABLE">
         <column autoUpdated="true" digits="0" id="0" name="id" nullable="false" remarks="" size="19" type="BIGINT"/>
         <column autoUpdated="false" digits="0" id="1" name="company_code" nullable="false" remarks="" size="20" type="VARCHAR"/>
         <column autoUpdated="false" digits="0" id="2" name="buyer_type_code" nullable="false" remarks="" size="20" type="VARCHAR"/>
         <column autoUpdated="false" digits="0" id="3" name="group_code" nullable="false" remarks="" size="20" type="VARCHAR"/>
         <column autoUpdated="false" digits="0" id="4" name="sub_department_code" nullable="false" remarks="" size="20" type="VARCHAR"/>
         <column autoUpdated="false" digits="0" id="5" name="user_id" nullable="false" remarks="" size="19" type="BIGINT"/>
         <column autoUpdated="false" digits="0" id="6" name="created_by" nullable="false" remarks="" size="50" type="VARCHAR"/>
         <column autoUpdated="false" defaultValue="CURRENT_TIMESTAMP" digits="0" id="7" name="created_date" nullable="false" remarks="" size="19" type="TIMESTAMP"/>
         <column autoUpdated="false" digits="0" id="8" name="last_modified_by" nullable="true" remarks="" size="50" type="VARCHAR"/>
         <column autoUpdated="false" digits="0" id="9" name="last_modified_date" nullable="true" remarks="" size="19" type="TIMESTAMP"/>
         <primaryKey column="id" sequenceNumberInPK="1"/>
         <index name="PRIMARY" unique="true">
            <column ascending="true" name="id"/>
         </index>
         <index name="const_marketing_user" unique="true">
            <column ascending="true" name="company_code"/>
            <column ascending="true" name="buyer_type_code"/>
            <column ascending="true" name="group_code"/>
            <column ascending="true" name="sub_department_code"/>
            <column ascending="true" name="user_id"/>
         </index>
      </table>
      <table catalog="geco_be" name="supplier_ownership" numRows="0" remarks="Associa la titolarità di un fornitore all'utente su base annuale (accordo quadro)" type="TABLE">
         <column autoUpdated="true" digits="0" id="0" name="id" nullable="false" remarks="" size="19" type="BIGINT"/>
         <column autoUpdated="false" digits="0" id="1" name="supplier_id" nullable="false" remarks="" size="255" type="VARCHAR"/>
         <column autoUpdated="false" digits="0" id="2" name="ownership_year" nullable="false" remarks="" size="19" type="BIGINT"/>
         <column autoUpdated="false" digits="0" id="3" name="user_id" nullable="false" remarks="" size="19" type="BIGINT"/>
         <column autoUpdated="false" digits="0" id="4" name="created_by" nullable="false" remarks="" size="50" type="VARCHAR"/>
         <column autoUpdated="false" defaultValue="CURRENT_TIMESTAMP" digits="0" id="5" name="created_date" nullable="false" remarks="" size="19" type="TIMESTAMP"/>
         <column autoUpdated="false" digits="0" id="6" name="last_modified_by" nullable="true" remarks="" size="50" type="VARCHAR"/>
         <column autoUpdated="false" digits="0" id="7" name="last_modified_date" nullable="true" remarks="" size="19" type="TIMESTAMP"/>
         <primaryKey column="id" sequenceNumberInPK="1"/>
         <index name="PRIMARY" unique="true">
            <column ascending="true" name="id"/>
         </index>
         <index name="supplier_ownership_uq_supp_year" unique="true">
            <column ascending="true" name="supplier_id"/>
            <column ascending="true" name="ownership_year"/>
         </index>
      </table>
   </tables>
</database>
